split,assembly_id,assembly_status,annotated,status,n_cds,n_ribosomal,error
train,GCA_000243155.1,suppressed,False,not_annotated,0,0,
train,GCA_001508125.1,current,True,ok,1817,44,
train,GCA_001589265.1,current,True,ok,8710,55,
train,GCA_001672105.1,current,True,ready_for_download,0,0,
train,GCA_001887115.1,current,True,ready_for_download,0,0,
train,GCA_002877955.1,current,True,ready_for_download,0,0,
train,GCA_003241045.1,current,True,ready_for_download,0,0,
train,GCA_004931765.1,current,True,ready_for_download,0,0,
train,GCA_009158975.1,current,True,ready_for_download,0,0,
train,GCA_010954155.1,current,True,ready_for_download,0,0,
train,GCA_011321895.1,current,True,ready_for_download,0,0,
train,GCA_013329685.1,current,True,ready_for_download,0,0,
train,GCA_015512915.1,previous,True,ready_for_download,0,0,
train,GCA_015817855.2,current,True,ready_for_download,0,0,
train,GCA_017113795.1,current,True,ready_for_download,0,0,
train,GCA_017116265.1,current,True,ready_for_download,0,0,
train,GCA_017838265.1,current,True,ready_for_download,0,0,
train,GCA_018203495.2,current,True,ready_for_download,0,0,
train,GCA_018332215.1,current,True,ready_for_download,0,0,
train,GCA_020722885.1,current,False,not_annotated,0,0,
train,GCA_021989615.1,current,True,ready_for_download,0,0,
train,GCA_022236725.1,current,True,ready_for_download,0,0,
train,GCA_022779705.1,current,True,ready_for_download,0,0,
train,GCA_022914675.1,current,True,ready_for_download,0,0,
train,GCA_024135825.1,current,True,ready_for_download,0,0,
train,GCA_025006645.1,current,True,ready_for_download,0,0,
train,GCA_026613785.1,current,True,ready_for_download,0,0,
train,GCA_026627405.1,current,True,ready_for_download,0,0,
train,GCA_027416755.1,current,False,not_annotated,0,0,
train,GCA_027446465.1,current,False,not_annotated,0,0,
train,GCA_027912435.1,current,True,ready_for_download,0,0,
train,GCA_028379965.1,current,True,ready_for_download,0,0,
train,GCA_029648825.1,current,True,ready_for_download,0,0,
train,GCA_030071505.1,current,False,not_annotated,0,0,
train,GCA_030126645.1,current,True,ready_for_download,0,0,
train,GCA_030260955.1,current,True,ready_for_download,0,0,
train,GCA_030336385.1,current,True,ready_for_download,0,0,
train,GCA_030849005.1,current,True,ready_for_download,0,0,
train,GCA_031243125.1,current,True,ready_for_download,0,0,
train,GCA_033630985.1,current,True,ready_for_download,0,0,
train,GCA_033927465.1,current,True,ready_for_download,0,0,
train,GCA_036773965.1,current,False,not_annotated,0,0,
train,GCA_037683345.1,current,True,ready_for_download,0,0,
train,GCA_039522005.1,current,True,ready_for_download,0,0,
train,GCA_900118665.1,current,True,ready_for_download,0,0,
train,GCA_901213185.1,current,True,ready_for_download,0,0,
train,GCA_902173125.1,current,False,not_annotated,0,0,
train,GCA_913057915.1,current,False,not_annotated,0,0,
train,GCA_920937485.1,current,False,not_annotated,0,0,
train,GCA_945906835.1,current,False,not_annotated,0,0,
train,GCA_949085655.1,current,False,not_annotated,0,0,
train,GCA_963678405.1,current,False,not_annotated,0,0,
train,GCF_000007185.1,current,True,ready_for_download,0,0,
train,GCF_000007305.1,current,True,ready_for_download,0,0,
train,GCF_000007605.1,current,True,ready_for_download,0,0,
train,GCF_000011085.1,current,True,ready_for_download,0,0,
train,GCF_000024285.1,current,True,ready_for_download,0,0,
train,GCF_000151105.1,previous,False,not_annotated,0,0,
train,GCF_000153485.1,previous,False,not_annotated,0,0,
train,GCF_000170735.1,current,True,ready_for_download,0,0,
train,GCF_000173615.1,current,True,ready_for_download,0,0,
train,GCF_000178815.1,previous,False,not_annotated,0,0,
train,GCF_000294675.1,current,True,ready_for_download,0,0,
train,GCF_000337635.1,current,True,ready_for_download,0,0,
train,GCF_000364625.1,current,True,ready_for_download,0,0,
train,GCF_000373545.1,current,True,ready_for_download,0,0,
train,GCF_000373985.1,current,True,ready_for_download,0,0,
train,GCF_000379025.1,current,True,ready_for_download,0,0,
train,GCF_000430905.1,current,True,ready_for_download,0,0,
train,GCF_000464745.1,current,True,ready_for_download,0,0,
train,GCF_000469585.1,current,True,ready_for_download,0,0,
train,GCF_000482805.1,current,True,ready_for_download,0,0,
train,GCF_000483485.1,current,True,ready_for_download,0,0,
train,GCF_000620045.1,current,True,ready_for_download,0,0,
train,GCF_000632865.1,current,True,ready_for_download,0,0,
train,GCF_000689615.1,current,True,ready_for_download,0,0,
train,GCF_000706685.1,current,True,ready_for_download,0,0,
train,GCF_000711905.1,current,True,ready_for_download,0,0,
train,GCF_000746255.1,current,True,ready_for_download,0,0,
train,GCF_000754095.1,previous,False,not_annotated,0,0,
train,GCF_000763575.1,current,True,ready_for_download,0,0,
train,GCF_000764025.1,current,True,ready_for_download,0,0,
train,GCF_000943545.1,current,True,ready_for_download,0,0,
train,GCF_000978535.1,current,True,ready_for_download,0,0,
train,GCF_001007085.1,current,True,ready_for_download,0,0,
train,GCF_001027025.1,current,True,ready_for_download,0,0,
train,GCF_001050195.2,current,True,ready_for_download,0,0,
train,GCF_001050235.1,current,True,ready_for_download,0,0,
train,GCF_001280255.1,current,True,ready_for_download,0,0,
train,GCF_001280545.1,current,True,ready_for_download,0,0,
train,GCF_001306035.1,current,True,ready_for_download,0,0,
train,GCF_001306095.1,current,True,ready_for_download,0,0,
train,GCF_001315945.1,current,True,ready_for_download,0,0,
train,GCF_001390455.1,current,True,ready_for_download,0,0,
train,GCF_001483885.1,current,True,ready_for_download,0,0,
train,GCF_001551835.1,current,True,ready_for_download,0,0,
train,GCF_001560595.1,current,True,ready_for_download,0,0,
train,GCF_001562415.1,current,True,ready_for_download,0,0,
train,GCF_001574635.1,current,True,ready_for_download,0,0,
train,GCF_001602215.1,current,True,ready_for_download,0,0,
train,GCF_001636845.1,current,True,ready_for_download,0,0,
train,GCF_001652585.1,current,True,ready_for_download,0,0,
train,GCF_001671485.1,current,True,ready_for_download,0,0,
train,GCF_001730685.1,current,True,ready_for_download,0,0,
train,GCF_001746755.1,current,True,ready_for_download,0,0,
train,GCF_001756615.1,current,True,ready_for_download,0,0,
train,GCF_001856345.1,current,True,ready_for_download,0,0,
train,GCF_001857665.2,current,True,ready_for_download,0,0,
train,GCF_001866005.1,current,True,ready_for_download,0,0,
train,GCF_001880325.1,current,True,ready_for_download,0,0,
train,GCF_001888095.1,current,True,ready_for_download,0,0,
train,GCF_001936195.1,current,True,ready_for_download,0,0,
train,GCF_001975185.1,current,True,ready_for_download,0,0,
train,GCF_001990485.1,current,True,ready_for_download,0,0,
train,GCF_002077815.1,current,True,ready_for_download,0,0,
train,GCF_002097535.1,current,True,ready_for_download,0,0,
train,GCF_002217315.1,current,True,ready_for_download,0,0,
train,GCF_002243665.1,current,True,ready_for_download,0,0,
train,GCF_002292445.1,current,True,ready_for_download,0,0,
train,GCF_002318715.1,current,True,ready_for_download,0,0,
train,GCF_002356355.1,current,True,ready_for_download,0,0,
train,GCF_002895605.1,current,True,ready_for_download,0,0,
train,GCF_002916695.1,current,True,ready_for_download,0,0,
train,GCF_002988635.1,previous,True,ready_for_download,0,0,
train,GCF_002995745.1,current,True,ready_for_download,0,0,
train,GCF_002995805.1,current,True,ready_for_download,0,0,
train,GCF_003003275.1,current,True,ready_for_download,0,0,
train,GCF_003026285.1,current,True,ready_for_download,0,0,
train,GCF_003051085.1,current,True,ready_for_download,0,0,
train,GCF_003096175.1,current,True,ready_for_download,0,0,
train,GCF_003148465.1,current,True,ready_for_download,0,0,
train,GCF_003174785.1,current,True,ready_for_download,0,0,
train,GCF_003182525.1,current,True,ready_for_download,0,0,
train,GCF_003259895.1,current,True,ready_for_download,0,0,
train,GCF_003309025.1,current,True,ready_for_download,0,0,
train,GCF_003347515.1,current,True,ready_for_download,0,0,
train,GCF_003350065.1,current,True,ready_for_download,0,0,
train,GCF_003385755.1,current,True,ready_for_download,0,0,
train,GCF_003386945.1,current,True,ready_for_download,0,0,
train,GCF_003450455.1,current,True,ready_for_download,0,0,
train,GCF_003514535.1,current,True,ready_for_download,0,0,
train,GCF_003590195.1,current,True,ready_for_download,0,0,
train,GCF_003609645.1,current,True,ready_for_download,0,0,
train,GCF_003664005.1,current,True,ready_for_download,0,0,
train,GCF_003688495.1,current,True,ready_for_download,0,0,
train,GCF_003701385.1,current,True,ready_for_download,0,0,
train,GCF_003990895.1,current,True,ready_for_download,0,0,
train,GCF_003994475.1,current,True,ready_for_download,0,0,
train,GCF_003999255.1,current,True,ready_for_download,0,0,
train,GCF_004001485.1,current,True,ready_for_download,0,0,
train,GCF_004216575.1,current,True,ready_for_download,0,0,
train,GCF_004323575.1,current,True,ready_for_download,0,0,
train,GCF_004337705.1,current,True,ready_for_download,0,0,
train,GCF_004343025.1,current,True,ready_for_download,0,0,
train,GCF_004346605.1,current,True,ready_for_download,0,0,
train,GCF_004349435.1,current,True,ready_for_download,0,0,
train,GCF_004795935.1,current,True,ready_for_download,0,0,
train,GCF_005774035.1,current,True,ready_for_download,0,0,
train,GCF_006400955.1,current,True,ready_for_download,0,0,
train,GCF_006569185.1,previous,True,ready_for_download,0,0,
train,GCF_006715795.1,current,True,ready_for_download,0,0,
train,GCF_006788895.1,current,True,ready_for_download,0,0,
train,GCF_006970065.1,current,True,ready_for_download,0,0,
train,GCF_007164525.1,current,True,ready_for_download,0,0,
train,GCF_007567505.1,current,True,ready_for_download,0,0,
train,GCF_007954275.1,current,True,ready_for_download,0,0,
train,GCF_007954305.1,current,True,ready_for_download,0,0,
train,GCF_008000815.1,current,True,ready_for_download,0,0,
train,GCF_008086275.1,current,True,ready_for_download,0,0,
train,GCF_008121905.1,current,True,ready_for_download,0,0,
train,GCF_008124985.1,current,True,ready_for_download,0,0,
train,GCF_008244535.1,current,True,ready_for_download,0,0,
train,GCF_009428885.1,current,True,ready_for_download,0,0,
train,GCF_009685195.1,current,True,ready_for_download,0,0,
train,GCF_009712125.1,current,True,ready_for_download,0,0,
train,GCF_009811675.1,current,True,ready_for_download,0,0,
train,GCF_010588305.1,previous,True,ready_for_download,0,0,
train,GCF_010669085.1,current,True,ready_for_download,0,0,
train,GCF_011761635.1,current,True,ready_for_download,0,0,
train,GCF_012368155.1,current,True,ready_for_download,0,0,
train,GCF_012933645.1,current,True,ready_for_download,0,0,
train,GCF_013178535.1,current,True,ready_for_download,0,0,
train,GCF_013318675.1,current,True,ready_for_download,0,0,
train,GCF_013389365.1,current,True,ready_for_download,0,0,
train,GCF_014194315.1,suppressed,True,ready_for_download,0,0,
train,GCF_014199715.1,current,True,ready_for_download,0,0,
train,GCF_014201655.1,current,True,ready_for_download,0,0,
train,GCF_014202345.1,current,True,ready_for_download,0,0,
train,GCF_014207315.1,current,True,ready_for_download,0,0,
train,GCF_014222225.1,current,True,ready_for_download,0,0,
train,GCF_014231285.1,current,True,ready_for_download,0,0,
train,GCF_014284455.1,current,True,ready_for_download,0,0,
train,GCF_014284475.1,current,True,ready_for_download,0,0,
train,GCF_014647395.1,current,True,ready_for_download,0,0,
train,GCF_014897375.1,current,True,ready_for_download,0,0,
train,GCF_014905135.1,current,True,ready_for_download,0,0,
train,GCF_015207005.1,previous,True,ready_for_download,0,0,
train,GCF_015207835.1,current,True,ready_for_download,0,0,
train,GCF_015234255.1,current,True,ready_for_download,0,0,
train,GCF_015277775.1,current,True,ready_for_download,0,0,
train,GCF_015827775.1,previous,True,ready_for_download,0,0,
train,GCF_015999265.1,current,True,ready_for_download,0,0,
train,GCF_016316925.1,current,True,ready_for_download,0,0,
train,GCF_016908145.1,current,True,ready_for_download,0,0,
train,GCF_016908375.1,current,True,ready_for_download,0,0,
train,GCF_017515625.1,current,True,ready_for_download,0,0,
train,GCF_017873335.1,current,True,ready_for_download,0,0,
train,GCF_017873415.1,current,True,ready_for_download,0,0,
train,GCF_017873625.1,current,True,ready_for_download,0,0,
train,GCF_017874375.1,current,True,ready_for_download,0,0,
train,GCF_017875625.1,current,True,ready_for_download,0,0,
train,GCF_018342485.1,current,True,ready_for_download,0,0,
train,GCF_018861315.1,current,True,ready_for_download,0,0,
train,GCF_018861735.1,current,True,ready_for_download,0,0,
train,GCF_018861765.1,current,True,ready_for_download,0,0,
train,GCF_018861865.1,current,True,ready_for_download,0,0,
train,GCF_018916835.1,current,True,ready_for_download,0,0,
train,GCF_020443745.1,current,True,ready_for_download,0,0,
train,GCF_021406845.1,current,True,ready_for_download,0,0,
train,GCF_021504015.1,current,True,ready_for_download,0,0,
train,GCF_021589105.1,current,True,ready_for_download,0,0,
train,GCF_021963785.1,current,True,ready_for_download,0,0,
train,GCF_022267535.1,current,True,ready_for_download,0,0,
train,GCF_022507325.1,current,True,ready_for_download,0,0,
train,GCF_022674245.1,current,True,ready_for_download,0,0,
train,GCF_022846335.1,current,True,ready_for_download,0,0,
train,GCF_023227745.1,current,True,ready_for_download,0,0,
train,GCF_023555375.1,current,True,ready_for_download,0,0,
train,GCF_023704195.1,current,True,ready_for_download,0,0,
train,GCF_024054535.1,current,True,ready_for_download,0,0,
train,GCF_024239095.1,current,True,ready_for_download,0,0,
train,GCF_024508015.1,current,True,ready_for_download,0,0,
train,GCF_025194745.1,current,True,ready_for_download,0,0,
train,GCF_025289255.1,current,True,ready_for_download,0,0,
train,GCF_025961535.1,current,True,ready_for_download,0,0,
train,GCF_025990715.1,current,True,ready_for_download,0,0,
train,GCF_026192565.1,current,True,ready_for_download,0,0,
train,GCF_026192785.1,current,True,ready_for_download,0,0,
train,GCF_026616695.1,current,True,ready_for_download,0,0,
train,GCF_026627015.1,current,True,ready_for_download,0,0,
train,GCF_026651045.1,current,True,ready_for_download,0,0,
train,GCF_026736595.1,current,True,ready_for_download,0,0,
train,GCF_027048465.1,current,True,ready_for_download,0,0,
train,GCF_027375625.1,current,True,ready_for_download,0,0,
train,GCF_027912195.1,current,True,ready_for_download,0,0,
train,GCF_027923385.1,current,True,ready_for_download,0,0,
train,GCF_027925485.1,current,True,ready_for_download,0,0,
train,GCF_027947375.1,current,True,ready_for_download,0,0,
train,GCF_028355655.1,current,True,ready_for_download,0,0,
train,GCF_028857315.1,current,True,ready_for_download,0,0,
train,GCF_029912275.1,current,True,ready_for_download,0,0,
train,GCF_030166575.1,current,True,ready_for_download,0,0,
train,GCF_030546425.1,current,True,ready_for_download,0,0,
train,GCF_030700495.1,current,True,ready_for_download,0,0,
train,GCF_030803985.1,current,True,ready_for_download,0,0,
train,GCF_031451685.1,current,True,ready_for_download,0,0,
train,GCF_032970405.1,current,True,ready_for_download,0,0,
train,GCF_033842665.1,current,True,ready_for_download,0,0,
train,GCF_034721355.1,current,True,ready_for_download,0,0,
train,GCF_035211335.1,current,True,ready_for_download,0,0,
train,GCF_036225925.1,current,True,ready_for_download,0,0,
train,GCF_037076595.1,current,True,ready_for_download,0,0,
train,GCF_037190085.1,current,True,ready_for_download,0,0,
train,GCF_037477945.1,current,True,ready_for_download,0,0,
train,GCF_037804945.1,current,True,ready_for_download,0,0,
train,GCF_037889345.1,current,True,ready_for_download,0,0,
train,GCF_039405155.1,current,True,ready_for_download,0,0,
train,GCF_039414295.1,current,True,ready_for_download,0,0,
train,GCF_039521845.1,current,True,ready_for_download,0,0,
train,GCF_039522505.1,current,True,ready_for_download,0,0,
train,GCF_900095385.1,current,True,ready_for_download,0,0,
train,GCF_900101845.1,current,True,ready_for_download,0,0,
train,GCF_900103735.1,current,True,ready_for_download,0,0,
train,GCF_900103835.1,current,True,ready_for_download,0,0,
train,GCF_900106715.1,current,True,ready_for_download,0,0,
train,GCF_900106765.1,current,True,ready_for_download,0,0,
train,GCF_900108185.1,current,True,ready_for_download,0,0,
train,GCF_900111795.1,current,True,ready_for_download,0,0,
train,GCF_900114025.1,current,True,ready_for_download,0,0,
train,GCF_900129575.1,current,True,ready_for_download,0,0,
train,GCF_900129725.1,current,True,ready_for_download,0,0,
train,GCF_900129805.1,current,True,ready_for_download,0,0,
train,GCF_900129965.1,current,True,ready_for_download,0,0,
train,GCF_900129985.1,current,True,ready_for_download,0,0,
train,GCF_900142145.1,current,True,ready_for_download,0,0,
train,GCF_900142215.1,current,True,ready_for_download,0,0,
train,GCF_900156105.1,current,True,ready_for_download,0,0,
train,GCF_900167395.1,current,True,ready_for_download,0,0,
train,GCF_900169305.1,current,True,ready_for_download,0,0,
train,GCF_900176005.1,current,True,ready_for_download,0,0,
train,GCF_900182585.1,current,True,ready_for_download,0,0,
train,GCF_900184185.1,current,True,ready_for_download,0,0,
train,GCF_900332065.1,current,True,ready_for_download,0,0,
train,GCF_900454615.1,current,True,ready_for_download,0,0,
train,GCF_900465415.1,current,True,ready_for_download,0,0,
train,GCF_904830885.1,current,True,ready_for_download,0,0,
train,GCF_904845985.1,current,True,ready_for_download,0,0,
train,GCF_904846205.1,current,True,ready_for_download,0,0,
train,GCF_907165215.1,current,True,ready_for_download,0,0,
train,GCF_937920065.1,current,True,ready_for_download,0,0,
train,GCF_943908195.1,current,True,ready_for_download,0,0,
val,GCA_003452855.1,current,True,ready_for_download,0,0,
val,GCA_014493705.1,current,True,ready_for_download,0,0,
val,GCA_026565205.1,current,True,ready_for_download,0,0,
val,GCA_026757595.1,current,True,ready_for_download,0,0,
val,GCA_028143605.1,current,True,ready_for_download,0,0,
val,GCF_000429305.1,current,True,ready_for_download,0,0,
val,GCF_001263355.1,current,True,ready_for_download,0,0,
val,GCF_001307275.1,current,True,ready_for_download,0,0,
val,GCF_001999545.1,current,True,ready_for_download,0,0,
val,GCF_002893185.1,current,True,ready_for_download,0,0,
val,GCF_004006935.1,current,True,ready_for_download,0,0,
val,GCF_013267335.1,current,True,ready_for_download,0,0,
val,GCF_016906995.1,current,True,ready_for_download,0,0,
val,GCF_018390735.1,current,True,ready_for_download,0,0,
val,GCF_018861705.1,current,True,ready_for_download,0,0,
val,GCF_019689215.1,current,True,ready_for_download,0,0,
val,GCF_020740325.1,current,True,ready_for_download,0,0,
val,GCF_021229285.1,current,True,ready_for_download,0,0,
val,GCF_023283945.1,current,True,ready_for_download,0,0,
val,GCF_023712965.1,current,True,ready_for_download,0,0,
val,GCF_024500045.1,current,True,ready_for_download,0,0,
val,GCF_024762195.1,current,True,ready_for_download,0,0,
val,GCF_026914305.1,current,True,ready_for_download,0,0,
val,GCF_033042455.1,current,True,ready_for_download,0,0,
val,GCF_945859885.1,current,True,ready_for_download,0,0,
test,GCA_001509385.1,current,True,ready_for_download,0,0,
test,GCA_002128215.1,current,True,ready_for_download,0,0,
test,GCA_016704125.1,current,True,ready_for_download,0,0,
test,GCA_019029225.1,current,True,ready_for_download,0,0,
test,GCA_029338435.1,current,True,ready_for_download,0,0,
test,GCA_029367245.1,current,True,ready_for_download,0,0,
test,GCA_030322585.1,current,True,ready_for_download,0,0,
test,GCA_034941385.1,current,True,ready_for_download,0,0,
test,GCA_037318575.1,current,False,not_annotated,0,0,
test,GCA_963572315.1,current,True,ready_for_download,0,0,
test,GCF_000147695.1,previous,False,not_annotated,0,0,
test,GCF_000243455.1,current,True,ready_for_download,0,0,
test,GCF_000336695.1,current,True,ready_for_download,0,0,
test,GCF_000376265.1,current,True,ready_for_download,0,0,
test,GCF_000512105.1,current,True,ready_for_download,0,0,
test,GCF_000708905.1,current,True,ready_for_download,0,0,
test,GCF_000817325.1,current,True,ready_for_download,0,0,
test,GCF_001050215.1,previous,True,ready_for_download,0,0,
test,GCF_001484195.1,current,True,ready_for_download,0,0,
test,GCF_001567655.1,current,True,ready_for_download,0,0,
test,GCF_001678785.1,suppressed,True,ready_for_download,0,0,
test,GCF_001696705.1,current,True,ready_for_download,0,0,
test,GCF_001715425.1,current,True,ready_for_download,0,0,
test,GCF_001869735.1,current,True,ready_for_download,0,0,
test,GCF_001928355.1,previous,True,ready_for_download,0,0,
test,GCF_002192615.1,current,True,ready_for_download,0,0,
test,GCF_002216005.1,current,True,ready_for_download,0,0,
test,GCF_002285495.1,current,True,ready_for_download,0,0,
test,GCF_002909415.1,current,True,ready_for_download,0,0,
test,GCF_003173335.1,current,True,ready_for_download,0,0,
test,GCF_003253775.1,current,True,ready_for_download,0,0,
test,GCF_003634755.1,current,True,ready_for_download,0,0,
test,GCF_003688505.1,current,True,ready_for_download,0,0,
test,GCF_003935635.1,current,True,ready_for_download,0,0,
test,GCF_003999925.1,current,True,ready_for_download,0,0,
test,GCF_004319545.1,current,True,ready_for_download,0,0,
test,GCF_004786015.1,current,True,ready_for_download,0,0,
test,GCF_005502435.1,suppressed,True,ready_for_download,0,0,
test,GCF_006370045.1,current,True,ready_for_download,0,0,
test,GCF_006539545.1,current,True,ready_for_download,0,0,
test,GCF_008086615.1,current,True,ready_for_download,0,0,
test,GCF_009856415.1,current,True,ready_for_download,0,0,
test,GCF_011604805.1,current,True,ready_for_download,0,0,
test,GCF_013407525.1,current,True,ready_for_download,0,0,
test,GCF_014202435.1,current,True,ready_for_download,0,0,
test,GCF_014646935.1,current,True,ready_for_download,0,0,
test,GCF_014962245.1,current,True,ready_for_download,0,0,
test,GCF_015912085.1,current,True,ready_for_download,0,0,
test,GCF_016583925.1,current,True,ready_for_download,0,0,
test,GCF_016860465.1,current,True,ready_for_download,0,0,
test,GCF_018853755.1,current,True,ready_for_download,0,0,
test,GCF_019285535.1,current,True,ready_for_download,0,0,
test,GCF_020784175.1,current,True,ready_for_download,0,0,
test,GCF_021391295.1,current,True,ready_for_download,0,0,
test,GCF_021870015.1,current,True,ready_for_download,0,0,
test,GCF_023283765.1,current,True,ready_for_download,0,0,
test,GCF_026127295.1,current,True,ready_for_download,0,0,
test,GCF_026627265.1,current,True,ready_for_download,0,0,
test,GCF_027925425.1,current,True,ready_for_download,0,0,
test,GCF_029636705.1,current,True,ready_for_download,0,0,
test,GCF_030386135.1,current,True,ready_for_download,0,0,
test,GCF_031454185.1,current,True,ready_for_download,0,0,
test,GCF_032304395.1,current,True,ready_for_download,0,0,
test,GCF_036225825.1,current,True,ready_for_download,0,0,
test,GCF_036677515.1,current,True,ready_for_download,0,0,
test,GCF_037151075.1,current,True,ready_for_download,0,0,
test,GCF_037414695.1,current,True,ready_for_download,0,0,
test,GCF_900129955.1,current,True,ready_for_download,0,0,
test,GCF_900176145.1,current,True,ready_for_download,0,0,
test,GCF_900215655.1,current,True,ready_for_download,0,0,
test,GCF_900497605.1,current,True,ready_for_download,0,0,
test,GCF_904846215.1,current,True,ready_for_download,0,0,
test,GCF_963874245.1,current,True,ready_for_download,0,0,
test,GCF_963903135.1,current,True,ready_for_download,0,0,
