cohort,split,method,n,mse_normalized,rmse_normalized,mae_normalized,rmse_log_hours,mae_log_hours
all,train,train_mean,301,0.9966777408637871,0.9983374884595826,0.8063472721828262,1.48019340064913,1.1955375058168696
all,train,temperature_linear,301,0.8941943841306927,0.9456185193463021,0.7611833480654984,1.4020291815623476,1.1285748371815996
grodon_matched,train,train_mean,285,0.9826312687219159,0.9912775941793075,0.8023037029275673,1.4697259895344097,1.189542274148331
grodon_matched,train,temperature_linear,285,0.8909236530001217,0.9438875213711228,0.7622789897488113,1.399462702982693,1.1301992994579968
grodon_matched,train,grodon,285,0.9363733812029637,0.9676638782154492,0.7394920053867523,1.4347149166872528,1.096413987112912
all,val,train_mean,25,0.6675864108365325,0.8170596127802013,0.6939689433137844,1.211420246914979,1.028918839593491
all,val,temperature_linear,25,0.6861301768020008,0.8283297512476543,0.6979645200083499,1.228130011675657,1.0348429146917915
grodon_matched,val,train_mean,25,0.6675864108365325,0.8170596127802013,0.6939689433137844,1.211420246914979,1.028918839593491
grodon_matched,val,temperature_linear,25,0.6861301768020008,0.8283297512476543,0.6979645200083499,1.228130011675657,1.0348429146917915
grodon_matched,val,grodon,25,0.5043323559650207,0.7101636121099283,0.5644345910038684,1.05293000030302,0.8368636521815245
all,test,train_mean,74,0.8885438586296636,0.9426260438952785,0.7496863765301736,1.3975923628858853,1.1115287564816783
all,test,temperature_linear,74,0.7944822621107127,0.8913373447302164,0.7004073575269079,1.3215487454623402,1.038464808105217
grodon_matched,test,train_mean,72,0.9045987885048447,0.9511039840652781,0.7554344941090553,1.4101622515616021,1.1200512509334735
grodon_matched,test,temperature_linear,72,0.8143403001835275,0.9024080563600524,0.7123233851410338,1.337962828359555,1.056132205794146
grodon_matched,test,grodon,72,0.7668665174319531,0.87570915116376,0.699653129815551,1.2983774739749503,1.0373465461007922
